# The checkpoints `bellwether manifests` builds fixtures/*/manifest.toml from; fixtures/README.md says how.
# downloads: the Hub's count over the last 30 days, read on day; - for both where nobody read a count.
# model	revision	downloads	day	tier
ai21labs/AI21-Jamba2-3B	525c6c8e1d9f5bddedfbdc1dbb0ade2df84230c9	-	-	2
ai21labs/AI21-Jamba2-Mini	24cbbd23e3df170f254aa601d907cdf416ffd344	809	2026-10-08	2
allenai/AstaBrief_8B	6a34f54dcd7887b790a570249b4a2a2fe81c6694	1597	2026-10-08	2
allenai/AstaBrief_8B_SFT	d2d57580d2255422a4c1e4ca4efb6b169a134351	965	2026-10-08	2
allenai/Molmo2-4B	042abfa7a38879a376cec03d949eff0aefaa0600	47927	2026-10-08	2
allenai/Molmo2-ER	dab22564403d2607855bb1fffb0721285b445081	17802	2026-10-08	2
allenai/Molmo2-VideoPoint-4B	7deb981c9a8ac97ef3d18fa72f894cfc33b64030	246	2026-10-08	2
allenai/MolmoWeb-4B	c96d1cc05ae7dcb850f4156f5656849961fece14	1649	2026-10-08	2
allenai/MolmoWeb-8B	eb6137accaab7c77067f451c8bcaa1c87b090995	824	2026-10-08	2
allenai/Olmo-3-32B-Think	f2edda15216e738ef2bb73771e11890e152b2112	14555	2026-10-08	2
allenai/Olmo-3-32B-Think-DPO	97604023f2602a7dfe6d31b1fc229985e0002022	936	2026-10-08	2
allenai/Olmo-3-32B-Think-SFT	a6d7f3cf497c7049712c13a664c65c7992f2da0c	43501	2026-10-08	2
allenai/Olmo-3-7B-Instruct	6e5971d9eba42665f5bd5a0fcf047f299ce1dccc	-	-	2
allenai/Olmo-3-7B-Instruct-DPO	b33130b7de49f0c2553b5c2b3bc8409ff3e627d1	14671	2026-10-08	2
allenai/Olmo-3-7B-Instruct-SFT	e1452fc572d51966ff4aaeb25118b891eb93e549	36549	2026-10-08	2
allenai/Olmo-3-7B-RL-Zero-Code	a961af69d75f9c52b3ae4db7b1664d890229b7ca	1734	2026-10-08	2
allenai/Olmo-3-7B-RL-Zero-General	24e5814cb36944d3eb36a49679d02c2b3bb46195	1492	2026-10-08	2
allenai/Olmo-3-7B-RL-Zero-IF	3cae007c5324a9a06ee6780f03b848bc7b8fd440	1768	2026-10-08	2
allenai/Olmo-3-7B-RL-Zero-Math	dee26a4074b88215cd1326472e1ab14d0259d892	1946	2026-10-08	2
allenai/Olmo-3-7B-Think	d97e442d7cc678210054dbcc9b440894d62c89a4	489076	2026-10-08	2
allenai/Olmo-3-7B-Think-DPO	7b18bf927b430ff06376fdfa5610eb3b1b6a5c38	8671	2026-10-08	2
allenai/Olmo-3-7B-Think-SFT	6ff857587e040d6d523a3d5f3a56e918f5401d66	8496	2026-10-08	2
allenai/Olmo-3.1-32B-Instruct	ac0587e4a7744a551c059d8cd17ba220bc940dae	18715	2026-10-08	2
allenai/Olmo-3.1-32B-Instruct-DPO	fc84a4f699916fcf585aa54371f47897fa934d5c	2380	2026-10-08	2
allenai/Olmo-3.1-32B-Instruct-SFT	152782ecc41a86c5cbe3fb6afa68bd90934de48a	3110	2026-10-08	2
allenai/Olmo-3.1-32B-Think	832c3f543499af8fe68b88359501de9cb7840544	19204	2026-10-08	2
allenai/Olmo-Hybrid-Instruct-DPO-7B	ec62da5af0106ab4e83a60e07c4796ff358fd204	864	2026-10-08	2
allenai/Olmo-Hybrid-Instruct-SFT-7B	15ec262d91de5a2729e445a1c190c17573239a8a	3719	2026-10-08	2
allenai/olmOCR-7B-0725	827f1746abc5375c530620c03aa4758fd4fa5674	694	2026-10-08	3
allenai/olmOCR-7B-0825	f1463418cd4cc4af00a1db889378f72b53ebcaa6	550	2026-10-08	3
allenai/qwen35-9b-cli-gym	df70f2276d70ace30c2ed3f62efdbf8630210818	150	2026-10-08	2
allenai/qwen35-9b-endless	90c73cf2bee91d51e8358ba90c61f22bfe138310	148	2026-10-08	2
allenai/qwen35-9b-openthoughts	0f3c17a4526ddd7064dea27cb0f04dbdcc84d1cb	160	2026-10-08	2
allenai/qwen35-9b-swesmith	11e629d9cd391aaf0cf4adad2ded89fe94409914	160	2026-10-08	2
allenai/qwen35-9b-termigen	e8e0e767f6c36d356ad857d901b8ed4f07ee9632	165	2026-10-08	2
allenai/qwen35-9b-terminaltraj	f55cc8c53a113f4241ea75fec3b8ed1df41d2a87	157	2026-10-08	2
allenai/tmax-27b	4acf9950f27dc231cb48b9cfe57cacc4e97875a9	2130	2026-10-08	2
allenai/tmax-9b	81ec54b29986d78191596d81900c0f8de2fa1b35	2294	2026-10-08	2
arcee-ai/Trinity-Large-Thinking	dc6a99b6b74202880e31491a445a94884c97890c	1905	2026-10-08	2
arcee-ai/Trinity-Mini	cdb81e8130815fec299cccc8f8700004b8366e1e	-	-	2
arcee-ai/Trinity-Nano-Base	923a95dbba013c78c4fd6dbc6bce31eea553da7c	1177	2026-10-08	2
arcee-ai/Trinity-Nano-Preview	b576b32b8bba7f5218312c9509e494537f8d282d	6134	2026-10-08	2
ATH-MaaS/OvisOCR2	1fc9221b7823a371d6e97f92d527cc847e24e107	240217	2026-10-08	2
BAAI/AREX-2	d4e3502f92d9e889031c2d04e387ab2eb3520268	1505	2026-10-08	2
BAAI/RoboBrain2.5-4B	ec4b3bf5e969b48ad17df432b479c10402a0079b	2446	2026-10-08	2
baidu/ERNIE-4.5-21B-A3B-Thinking	4341bb42644d5422859509fa25d41544c57181f8	-	-	3
baidu/Qianfan-OCR	623bf5d20d446abdb36606aa4547cd0c18886fe5	86604	2026-10-08	2
ByteDance-Seed/cudaLLM-8B	69e35816de85d63167aa37b07e75513f47919836	239	2026-10-08	3
ByteDance-Seed/Seed-OSS-36B-Base-woSyn	0788e4252b6a1d3a6fa8c3b256354982b592a1bb	709	2026-10-08	3
ByteDance-Seed/Seed-OSS-36B-Instruct	497f1dca95ebdec98e41d517b9f060ee753c902f	-	-	2
codecho/Qwen3.5-0.8B-text-only	e0385f0380f91238869de2cfd8d25878916cae2f	2461	2026-10-08	2
codecho/Qwen3.5-35B-A3B-text-only	504ce4f0c99b9ed1bc977dd27141deb8678bbeb7	2379	2026-10-08	2
CohereLabs/command-a-plus-05-2026-bf16	5fb6fde5fd12ff89356aae552e11883bc49f069b	35125	2026-10-08	2
CohereLabs/North-Micro-Vision-Instruct	fa548d9aa62c1220bfd21fc6cfc465f1bd2a1a40	134010	2026-10-08	2
CohereLabs/North-Mini-Code-1.0	d11e61a842617a22dc328552fa5bb86231ee4f37	9187	2026-10-08	2
deepseek-ai/DeepSeek-Prover-V2-671B	a51f899d0599838aa934b21b45b4c1ae7fbce2d3	917	2026-10-08	3
deepseek-ai/DeepSeek-R1	56d4cbbb4d29f4355bab4b9a39ccb717a14ad5ad	-	-	3
deepseek-ai/DeepSeek-R1-Zero	72234287cbc67dbf474d911359ae32b61a2fdc7e	8693	2026-10-08	3
deepseek-ai/DeepSeek-V3-0324	e9b33add76883f293d6bf61f6bd89b497e80e335	-	-	3
deepseek-ai/DeepSeek-V3.1	c0781d039fb7a1ba2abc4add0bdc293e92d2b8db	-	-	3
deepseek-ai/DeepSeek-V3.1-Base	d3d4eafdc470de44bbf6f0a74f852eb522357be8	10490	2026-10-08	3
deepseek-ai/DeepSeek-V4.1-Flash	2cba9e42aa026125f3ed06c6d98c1db82f7ca027	-	-	1
dots-studio/dots.mocr	e539fbb52280393adc081b289ec597430a0f9031	213201	2026-10-08	2
dots-studio/dots.mocr-svg	1ad41be39be81aeb2aa8db5609aee44dcc798c65	249	2026-10-08	2
dots-studio/dots3-note-prev	1e1e7b0cd37a3a48a6c8d7fa55d5f9d14377006b	-	-	3
EssentialAI/rnj-1	a48607e59b2c71d297545f160bdb5982c8077b5a	1484	2026-10-08	2
EssentialAI/rnj-1-instruct	5ef96d7a82b2bff8009192979432c9bc64e870cd	1882	2026-10-08	2
EssentialAI/rnj-1.5-instruct	126e2fbce5670bbca6a0212a5c293b2e2a397bdf	938	2026-10-08	2
FreedomIntelligence/HuatuoGPT-3-32B	2f080fedb7d9cffa33b555f7d42563fa44960fec	237	2026-10-08	2
google/gemma-4-12B-it	707f0a3b8a3c7ad586ed01e27eafbad8a27dd0f7	1689082	2026-10-08	2
google/gemma-4-12B-it-qat-q4_0-unquantized	b6ed86275a6a5735884e208bfed95b445a684ca2	12713	2026-10-08	2
google/gemma-4-12B-it-qat-q4_0-unquantized-assistant	18934064dd4c5c6cc3621f6381e7d377fc8cb7bd	2608	2026-10-08	2
google/gemma-4-26B-A4B-it	4d7ae4984b7db7de8f8457170b3f1a419ee76d52	12265732	2026-10-08	2
google/gemma-4-26B-A4B-it-qat-q4_0-unquantized	f1e06dc520982d9b9edd76859fdb7ab209449949	125147	2026-10-08	2
google/gemma-4-26B-A4B-it-qat-q4_0-unquantized-assistant	9537141506fe8875b3ed45b264af13580cb29166	1428	2026-10-08	2
google/gemma-4-31B-it	842da3794eaa0b77d5f08bae87a17459d91ff475	9565805	2026-10-08	2
google/gemma-4-31B-it-qat-q4_0-unquantized	1e4d8beecacb8b7590c1d8bedd7335f687bf311f	315737	2026-10-08	2
google/gemma-4-31B-it-qat-q4_0-unquantized-assistant	96d4c8ca3cb38c107a8478587878124895d1e844	11794	2026-10-08	2
google/gemma-4-E2B-it	3e22461f65e89153144f8adb70e3b8c2cc9845a7	2994679	2026-10-08	2
google/gemma-4-E2B-it-qat-q4_0-unquantized	6befbaca7398925921802abd1f277b495b78b738	26200	2026-10-08	2
google/gemma-4-E2B-it-qat-q4_0-unquantized-assistant	ebc7e1a211354561464cb82ed6d886792138dcb6	530	2026-10-08	2
google/gemma-4-E4B-it	ee0ef6023621cff504d758262d4e04895a5af4a2	-	-	2
google/gemma-4-E4B-it-qat-q4_0-unquantized	476025a01dbf99361c062bbeca3d6a76bb4c4566	5026	2026-10-08	2
google/gemma-4-E4B-it-qat-q4_0-unquantized-assistant	27f8d204f09f2be353d6ff0bf0d012792b13c79f	1243	2026-10-08	2
HuggingFaceTB/nanowhale-100m	6a3bed5ff8f3ffa23238e146caa003191e6f3c0a	613	2026-10-08	2
HuggingFaceTB/nanowhale-100m-base	8ea74cc04bebfe7feeec74b29018884eec0265d3	930	2026-10-08	2
ibm-granite/granite-4.0-1b	6a7381ba1f54d684ff508d991aeb7dc580157103	11689	2026-10-08	3
ibm-granite/granite-4.0-1b-speech	bd87ab862416353633ea431fe49b1614003623c5	94915	2026-10-08	2
ibm-granite/granite-4.0-350m	bd8a1497065c0d6ba1ef19af6b0d2b14bacf71c2	24370	2026-10-08	3
ibm-granite/granite-4.0-3b-vision	bf108f36960fb4df79bf035e506c592f4ee3c2d3	56295	2026-10-08	2
ibm-granite/granite-4.0-h-350m	3b17b717b8f2f5d305b0a92c1491e239aeda19c8	4227	2026-10-08	3
ibm-granite/granite-4.0-h-micro	d5f01a3ea75f088947be3aae039f4ad52837dfde	7869	2026-10-08	3
ibm-granite/granite-4.0-h-small	b8c0982bab7fde4eb48110f5a069527c008fab39	24117	2026-10-08	3
ibm-granite/granite-4.0-micro	56111ae135df9c53a78c99028e7bc24035a9e979	32022	2026-10-08	3
ibm-granite/granite-4.1-30b	4fae6278f7132abf5e971f9de49ebbad09c54cce	254110	2026-10-08	2
ibm-granite/granite-4.1-3b	c0650403e44e78ec0262dab1c90914c65b196c4e	-	-	2
ibm-granite/granite-4.1-8b	1504002f650e656a0a3789d99574df12e3e94ed0	157892	2026-10-08	2
ibm-granite/granite-4.2-30b	9e668ce1c538387ef24d3644e9b0606647762636	38772	2026-10-08	2
ibm-granite/granite-4.2-3b	e459acceac81e5fe67c07d9cfc72329a332e7eb1	49318	2026-10-08	2
ibm-granite/granite-4.2-8b	f8de16cdcdbc6c779ca517604e050d82cc119e44	133590	2026-10-08	2
ibm-granite/granite-guardian-4.0-3b-toxicity-ja	84893b0e6f2beaaf05f64599f482fdb413214e95	375	2026-10-08	2
ibm-granite/granite-guardian-4.1-8b	ab01ccca5dcfb80246369a086a4a87a29198f5af	55359	2026-10-08	2
ibm-granite/granite-speech-4.1-2b	de575db64086f84fdc79da4932d1076e965bc546	57646	2026-10-08	2
ibm-granite/granite-speech-4.1-2b-plus	1454e6e1e33845ca9280ff65f52cf1141ba6e6e2	75819	2026-10-08	2
ibm-granite/granite-vision-3.3-2b-chart2csv-preview	298ed4d871264431ec555fa93901bc094579b005	971	2026-10-08	2
ibm-granite/granite-vision-4.1-4b	37d591f06319e8f1638b5adcf58bdf50e0f84f7a	179411	2026-10-08	2
IFM/K2-Horizon-0.9B	383cb66347be4d361138e8157c2f8779b7440752	31759	2026-10-08	2
IFM/K2-Horizon-3.7B	d6e5432c59637093c0e125e791d89ea4a0b53559	22248	2026-10-08	2
IFM/K2-Horizon-32B	7eb3d2dceccb27bad4f97d76ce92e7431b3f786a	6505	2026-10-08	2
IFM/K2-Horizon-36B	cca48b6631d03c338a0e1d8beb0c392af8becbd3	-	-	2
IFM/K2-Horizon-375B-A23B	bd1606f5332f4b055e98993e383ba3fbe40198f3	23182	2026-10-08	2
IFM/K2-Horizon-7B	3b6ae394c1b863c27a306d168b25555837955192	28532	2026-10-08	2
IFM/K2-Type-0.9B	0648c43e30d20d85b621e3604c397f8af4d5b1de	1508	2026-10-08	2
inclusionAI/Ling-2.5-1T	9c9d569b9183743eadee7f5ff13c15526fd0c751	889	2026-10-08	2
inclusionAI/Ling-2.6-1T	653026b0ba07b69ff81e03ef2e44eddd8b493cf5	1505	2026-10-08	2
inclusionAI/Ling-2.6-flash	89f8441a870241ea8c36959b629393045d565e0e	6976	2026-10-08	2
inclusionAI/Ling-2.6-flash-base	d179b559832b0d15f3568caeaf0239b860eb4e53	344	2026-10-08	2
inclusionAI/Ling-3.0-flash	ef06d91fe382109ae82647da88ff99b0f11745b0	-	-	3
inclusionAI/Ling-3.0-flash-base	0a96b0a3c68f93e5565d6f2d56c98557bded74fb	441	2026-10-08	2
inclusionAI/Ling-3.0-flash-base-midtrain	34f7c1ed096bdb3118ec1474132ad21794d4510a	323	2026-10-08	2
inclusionAI/Ling-3.0-flash-Fin	a5b4afb48f526175991724472c179e5a065604de	2405	2026-10-08	2
inclusionAI/Ling-3.0-flash-fp4	3bae1cf4011b48475b2cc038fff283af49053ebc	7643	2026-10-08	2
inclusionAI/Ling-3.0-flash-VL-fp4	8dca6a0d4dde1ddc79cfe79506173bbf375393ac	2867	2026-10-08	2
inclusionAI/Ling-3.0-tiny	9a98e35fe1c9ee255f78dd64771c7ae15a799481	14354	2026-10-08	2
inclusionAI/Ling-3.0-tiny-base	bab7297fa02713af237e378bf21107718b8e0e1a	1421	2026-10-08	2
inclusionAI/Ling-3.0-tiny-base-midtrain	2c07d29ee370592bd804a0a865db5503d8a4bfa2	482	2026-10-08	2
inclusionAI/LLaDA2.0-flash	744c3f8c6c8317d2377d6d16d8a3d4be2caef563	658	2026-10-08	2
inclusionAI/LLaDA2.0-flash-CAP	3e65ff386063c389ca498d5ca862a687252d75c6	126	2026-10-08	2
inclusionAI/LLaDA2.0-flash-preview	93fa841e025bcb1974e9b62612fa2d8f699a8f75	100	2026-10-08	2
inclusionAI/LLaDA2.0-mini	dad945cac317da394b390f82c7b40691d8a881ed	215521	2026-10-08	2
inclusionAI/LLaDA2.0-mini-CAP	2deebcd70296188924fc59fb749ac02127c7b005	329	2026-10-08	2
inclusionAI/LLaDA2.0-mini-preview	98062a17531adc03f0334d1e81d9be24b3865b2b	1401	2026-10-08	2
inclusionAI/LLaDA2.1-flash	2bf95e86ade33c1adb5c1e223b7db2a76dc3bdd6	1124	2026-10-08	2
inclusionAI/LLaDA2.1-mini	20e64e2ad21644d0e5248586ed9c942cdd45de0f	120658	2026-10-08	2
inclusionAI/LLaDA2.2-flash	2e48107b9ee9c015d18b6269088388d64d6c1289	660	2026-10-08	2
inclusionAI/LLaDA2.2-mini	038922eee61174fd2e2dc6848fb6b87eb740afb5	1395	2026-10-08	2
inclusionAI/Ring-2.6-1T	2314abdf9e380b7fa7b4b79369ceb5f69cc46b32	1227	2026-10-08	2
inclusionAI/UI-Venus-1.5-2B	bc4c6e62a1c545e043761439be95646d801853a4	11760	2026-10-08	2
inclusionAI/UI-Venus-1.5-8B	a06ff6c6f15a9eca210769dacc1603f73b4a500c	1255	2026-10-08	2
inclusionAI/UI-Venus-2-9B	90d6dfe13ece735f82793635b69bcc10c710e2ab	9987	2026-10-08	2
internlm/Atria-Dawn-Preview	311a9b8c6c0e8dd4b00b2d7baff7a926c3415e78	1599	2026-10-08	2
internlm/Atria-Dawn-Preview-Ascend-w8a8	849ab55ca65c3d36d87c1fc2e8ebf679276f8682	190	2026-10-08	2
internlm/CapRL-Qwen3VL-2B	b838cec8b6c4791ed6169d12db21db0b47bb70e5	399	2026-10-08	2
internlm/CapRL-Qwen3VL-4B	1db1c1dd241e2df95b59846a94cdee5300de9ef9	931	2026-10-08	2
internlm/Intern-Decision-0.8B	85a0cc5a99d67ea8d56dfe98115689212867171d	1904	2026-10-08	2
internlm/Intern-Decision-2B	8797836c65fc91a2435b1fb6850b5f0aabd75cc3	1175	2026-10-08	2
internlm/Intern-Decision-4B	0e5e6aa7d6d750e2b1504ba11a8136cb58aeb3cd	2756	2026-10-08	2
internlm/Intern-S2-397B	85c1f58844e68836ec02245183cfa671de20977a	1131	2026-10-08	2
IQuestLab/Fleming-R1-32B	0cc4bc88262ee0a1bd1c21994d58747b76f54729	89	2026-10-08	3
IQuestLab/IQuest-Q1	5c21b0630586ef77d38cff1094b8cf37a417fcd8	-	-	2
JetBrains/Mellum2-12B-A2.5B-Instruct	273d9c1c6882ac8e1562e5b7e043857d35a787b6	13818	2026-10-08	2
JetBrains/Mellum2-12B-A2.5B-Instruct-SFT	396c8455b4fb14867b9cd620353b213b493f3a64	338	2026-10-08	2
JetBrains/Mellum2-12B-A2.5B-Thinking	a7311550557e93cc706ab5dd3d879c1a11703ab4	2665	2026-10-08	2
JetBrains/Mellum2-12B-A2.5B-Thinking-SFT	9960b87f6b52137159303c013e160cea35ca51e3	1658	2026-10-08	2
JetBrains/Qwen3.8-3.6-27B-blend	604d0f174abc9f7a43b40049803188a4b1df442a	1125	2026-10-08	2
kakaocorp/kanana-2-30b-a3b-instruct	bf0054a93f220c3da6a429450bac1fbfa64989cc	3171	2026-10-08	2
kakaocorp/kanana-2-30b-a3b-instruct-2601	4a781fe5027da4af8d8208cb21bc5108b913bb62	1580	2026-10-08	2
kakaocorp/kanana-2-3b-instruct	6a5d7889964c4c590299d16e309eabab1f73f8a9	4515	2026-10-08	2
Kwai-Keye/VideoTemp-o3	bed26cd03316169f78d64251d5a1f263a54f3ef0	73	2026-10-08	2
LGAI-EXAONE/EXAONE-4.5-33B	570aa4b15a4f45ba1133072b45f50198f6e3b4fd	51959	2026-10-08	2
LGAI-EXAONE/K-EXAONE-2.0-750B-A37B	fec0c8dd25fdd20ffd09869d5af5277966d5523d	2972	2026-10-08	2
LGAI-EXAONE/K-EXAONE-2.0-750B-A37B-DSpark	e42409dbd652ade0bc043fd85ef0c86044f97b46	391	2026-10-08	2
LGAI-EXAONE/K-EXAONE-236B-A23B	61e6d578eb102b578e5704e2916ac841df9eca0a	-	-	2
lightonai/LightOn-rerank-LW-0.8B	b6b897c646a9ea980692fb3278ffa04867919b8c	129	2026-10-08	2
lightonai/LightOn-rerank-LW-2B	4629d733e8381a7d2c8cfba17378ce3ceaf0edd4	987	2026-10-08	2
lightonai/LightOnOCR-1B-1025	7e3e7b0cb83e237e7d237af5a583a002ea632547	29052	2026-10-08	2
lightonai/LightOnOCR-2-1B	c97bd377f04481830395218fa8951df9deaba756	253227	2026-10-08	2
lightonai/LightOnOCR-2-1B-base	c1bc8eb6625be7b34178ff53481b242f7b8ffcb8	9653	2026-10-08	2
lightonai/LightOnOCR-2-1B-bbox	714ffe765cc4cb6f2d92530236f45d1c9465cd96	1666	2026-10-08	2
lightonai/LightOnOCR-2-1B-bbox-base	82d708ea57f6867dbc5c183b7146287235b92fcf	422	2026-10-08	2
lightonai/LightOnOCR-2-1B-bbox-soup	e16ab911c8eda8035fd6b96172316dfa09e4c491	6186	2026-10-08	2
lightonai/LightOnOCR-2-1B-ocr-soup	45be956cc2af90a5f53459989bcdd09357013e9f	5285	2026-10-08	2
lightonai/OriOn-Qwen	df650aed6f2755b94070704f04ace47b86502641	22	2026-10-08	2
lightonai/OriOn-Qwen-SR1	a2ad1d809ed900436a86157633f1b23434bda2fc	25	2026-10-08	2
LiquidAI/d1-3B	051bcc464b01b9f92942b364d9586b0ef5912432	5370	2026-10-08	2
LiquidAI/LFM2-1.2B-Longevity	9b4926c163b8996311827b7534295c8fe84703cf	388	2026-10-08	2
LiquidAI/LFM2-2.6B-Longevity	05b12a8dc8a1e095038ae1a0a4524f8b21153916	2074	2026-10-08	2
LiquidAI/LFM2-2.6B-Transcript	1b607be3f244de841a55c9fe426713dd950ab281	651	2026-10-08	2
LiquidAI/LFM2-24B-A2B	a3bbacd91a678b97712f0e323e52f8c24ba29542	3277	2026-10-08	2
LiquidAI/LFM2-VL-3B	97a81f5c18b73352134099952a4856e2553d42d7	1169	2026-10-08	2
LiquidAI/LFM2.5-1.2B-Base	7453bca97ca1e67754c4035a4b4c584e1c9dd725	13807	2026-10-08	2
LiquidAI/LFM2.5-1.2B-Instruct	0f604ada3f766f9f257460c4c9f0b5d6f69d431b	-	-	2
LiquidAI/LFM2.5-1.2B-JP	58ef35ca21bb2d3ef6e320a938765a9727aefc5d	1191	2026-10-08	2
LiquidAI/LFM2.5-1.2B-JP-202606	52b8b4475311a63bf839c6494f78f8ad59d13515	9888	2026-10-08	2
LiquidAI/LFM2.5-1.2B-Thinking	f313478934a7612d22991f752959d7a1a8756fec	8481	2026-10-08	2
LiquidAI/LFM2.5-2.6B	654f9463ce32b05d0429d76fe1f580b27d4c1ac0	121562	2026-10-08	2
LiquidAI/LFM2.5-2.6B-Base	c57bdaed1ef166fe3095dda07f4a5e789ad5321e	10325	2026-10-08	2
LiquidAI/LFM2.5-230M	40cb2ad3b3044d5a41eee083a6103c8b523afa45	81482	2026-10-08	2
LiquidAI/LFM2.5-230M-Base	9d2be5519834990d30996f878b6771cccbd24f2c	12215	2026-10-08	2
LiquidAI/LFM2.5-350M	9e6c6ccf47cd318696e137d381a7ded8fe4df09f	63537	2026-10-08	2
LiquidAI/LFM2.5-350M-Base	9960764e30892e01f29a6dc23df2533fcd8bd5ae	14427	2026-10-08	2
LiquidAI/LFM2.5-8B-A1B	5dd22602c2e9f6a097b1de4c4efe0658b605015c	25773	2026-10-08	2
LiquidAI/LFM2.5-8B-A1B-Base	6cfb83b04b0f0f12a64cb38ab553275d3ffe95d8	2884	2026-10-08	2
LiquidAI/LFM2.5-VL-1.6B	919fde3d022e3f90a4716006f993938ee8c2eb97	30853	2026-10-08	2
LiquidAI/LFM2.5-VL-3B	35a118d938ce6d123ac2d371649f24a8efb69058	24986	2026-10-08	2
LiquidAI/LFM2.5-VL-450M	fc6221ca597f3315e4f82fc2df606783267b34ba	37019	2026-10-08	2
llava-hf/llava-1.5-7b-hf	b234b804b114d9e37bb655e11cbbb5f5e971b7a9	-	-	3
meta-models/Muse-Glimmer-30B	a4e59da52a7bc87ae7251dd5545c0dd437c44b68	-	-	2
microsoft/Fara-7B	4fca9cdeeff278777751ec558257753b89cf078b	6855	2026-10-08	2
microsoft/Fara1.5-27B	299c8406a6c6256d45ec200d1ac12b34c5599d9b	2005	2026-10-08	2
microsoft/Fara1.5-4B	776a33ae5b2ad503796a97ae20fdc66f61d2feea	1565	2026-10-08	2
microsoft/Fara1.5-9B	1a93677cd89d5601bc2ed759791e981f3a520032	4461	2026-10-08	2
microsoft/FrogNano-4B-2609	b90468c11a913c1916b4542b4b7a530ec42024a4	996	2026-10-08	2
microsoft/Phi-4-mini-instruct	cfbefacb99257ffa30c83adab238a50856ac3083	-	-	3
microsoft/Phi-4-multimodal-instruct	93f923e1a7727d1c4f446756212d9d3e8fcc5d81	-	-	3
microsoft/VibeVoice-ASR-HF	f22241c2062b3b25272bf117397e03d73381037a	89021	2026-10-08	2
MiniMaxAI/MiniMax-M2	757303d492a50514c312788b5247a4f696a4c6a3	-	-	2
MiniMaxAI/MiniMax-M2.1	cd97f59135f37b2a6bf09356e485d5e4aeb7dc9c	12507	2026-10-08	2
MiniMaxAI/MiniMax-M2.5	f710177d938eff80b684d42c5aa84b382612f21f	532853	2026-10-08	2
MiniMaxAI/MiniMax-M2.7	d494266a4affc0d2995ba1fa35c8481cbd84294b	-	-	3
MiniMaxAI/MiniMax-M3	f0e1c1e04d40177e4673a22097036854f536e9c0	-	-	1
mistralai/Devstral-2-123B-Instruct-2512	1613bf01adb5e1c6fdc196b46e6b173eae75eb4a	6799	2026-10-08	2
mistralai/Ministral-3-14B-Instruct-2512-BF16	3cea74c1ebaf5ce5f5a2553de470e2ceab825142	103540	2026-10-08	2
mistralai/Ministral-3-14B-Reasoning-2512	51f9210f3cd20f3452a80d5819d15dc61cc50630	71111	2026-10-08	2
mistralai/Ministral-3-3B-Instruct-2512	b35d4dfe56c142746f54dbd64f579faab2744308	114063	2026-10-08	2
mistralai/Ministral-3-3B-Instruct-2512-BF16	b6d637bef2393152b3da2b2fde72eecdee30557e	57187	2026-10-08	2
mistralai/Ministral-3-3B-Reasoning-2512	4a36357c811bf511a7b625d132e12f22408aac91	17650	2026-10-08	2
mistralai/Ministral-3-8B-Instruct-2512-BF16	f6fae9795746f63c9be8344932f01275f3c63734	43831	2026-10-08	2
mistralai/Ministral-3-8B-Reasoning-2512	81eaece1948f3875421d9a45bc55487d10e2d894	13378	2026-10-08	2
mistralai/Mistral-7B-Instruct-v0.3	c170c708c41dac9275d15a8fff4eca08d52bab71	-	-	3
mistralai/Mistral-Large-3-675B-Instruct-2512-NVFP4	6f01426c721bd365f29a108f2389782e9671aab2	11730	2026-10-08	2
mistralai/Mistral-Medium-3.5-128B	22b2b868a15677cfa6061277ed2f653d1349a9ab	86432	2026-10-08	2
mistralai/Mistral-Small-4-119B-2603	a11f36bebf709121056b1dbcc943d1c6afbe494d	80241	2026-10-08	2
mistralai/Shieldstral-1.0-3B	003ec7e2b0bab5f0e6307edbaf186fa5822b76f5	37779	2026-10-08	2
moonshotai/Kimi-K2-Thinking	a51ccc050d73dab088bf7b0e2dd9b30ae85a4e55	63526	2026-10-08	2
moonshotai/Kimi-K2.6	7eb5002f6aadc958aed6a9177b7ed26bb94011bb	446123	2026-10-08	2
moonshotai/Kimi-K2.7-Code	74797c9c62378b951a1f6fcf5c4631024e9b8bef	114247	2026-10-08	2
moonshotai/Kimi-K3	f831ab66814297da540d832a5235f8e904f29d06	1253272	2026-10-07	1
moonshotai/Kimi-Linear-48B-A3B-Base	3b171c17bfc4ee348599b6781a2ca8715c21c8dc	124731	2026-10-08	2
Nanbeige/Nanbeige4-3B-Thinking-2511	396a1fb7a5e1a87941b321b4da85bc510b424d00	964	2026-10-08	2
Nanbeige/Nanbeige4.1-3B	9c4555c37921c0982af8fffeee1e0a6e6b953c4f	3020	2026-10-08	2
Nanbeige/Nanbeige4.2-3B	b82e54bd609793562a75cbf9337970a93369eab5	-	-	2
Nanbeige/Nanbeige4.2-3B-Base	4a38e817c14b9f2c4b69b1e05cbda90395872f6b	1160	2026-10-08	2
naver-hyperclovax/HyperCLOVAX-SEED-Omni-8B	f1240321d60576b3917ad5a64e363f3555d1a4b8	2266	2026-10-08	2
NousResearch/Hermes-4-14B	d6ce765c8b83f847357b98254be079afa0c6ca76	-	-	2
NousResearch/Hermes-4.3-36B	3899db2b6c4b35f16bde3b570bb7dd2775d56161	1657	2026-10-08	2
NousResearch/nomos-1	f4432a51fb60c1b411c6e06d0cd98085fbd90a91	286	2026-10-08	2
NousResearch/NousCoder-14B	bea270969fc7edea385a15a492ebeec5cbc6d6a8	458	2026-10-08	2
nvidia/audio-flamingo-3-hf	7d4bae64ee29878af6504ae6f6bb3e40492838ad	51272	2026-10-08	2
nvidia/Cosmos-Reason2-32B	4ed9828334c4397ace8b0c62134961adbe5aed0e	31467	2026-10-08	2
nvidia/Cosmos3-Edge	344d602b128d1bbdacb43b08d0a3626f46343e29	782768	2026-10-08	2
nvidia/Cosmos3-Edge-Policy-DROID	a7c7288f9b6ac1684e993007b0f9703dd26e58ef	1900	2026-10-08	2
nvidia/Cosmos3-Nano	e59a53c25979a090fa8706c9acc0c254a6e89b92	95494	2026-10-08	2
nvidia/Cosmos3-Nano-Policy-DROID	805c0d6d46196ecdc789213a6de72303c383895b	3786	2026-10-08	2
nvidia/Cosmos3-Super	f543c56225b2e04d0ad141e29655be3a45d9c455	117725	2026-10-08	2
nvidia/Cosmos3-Super-Image2Video	580f3f28e33ba93c8d464768876da8c322619aad	25942	2026-10-08	2
nvidia/Cosmos3-Super-Image2Video-4Step	237df5c63635ab171ad93fdde1d7f17fabae019a	1064	2026-10-08	2
nvidia/Cosmos3-Super-Text2Image	daf3d374804be4c512c2135568a7cb95d4341d79	4586	2026-10-08	2
nvidia/Cosmos3-Super-Text2Image-4Step	1f83acf087eccb4d326973b75798106bf376a8ee	550	2026-10-08	2
nvidia/Ising-Calibration-1.5-31B-BF16	b9b4f513ce36a3455d8717c74dc99912c8e15290	5031	2026-10-08	2
nvidia/LocateAnything-3B	c32291ca5e996f5a7a485845b4f57a233936bba0	210318	2026-10-08	2
nvidia/music-flamingo-hf	e560c33247f20e2f735c87ce9adebb8e53befe69	4704	2026-10-08	2
nvidia/Nemotron-3-Content-Safety	b47f6f6c18dc7d11a786abbbca2510cba58ede20	9828	2026-10-08	2
nvidia/Nemotron-3-Labs-Ultra-Math-RL	6849d3ecccbd63f3527d56072a3e9717ec4738c9	1504	2026-10-08	2
nvidia/Nemotron-3-Labs-Ultra-Math-SFT	c6337c397cc7ea2cf7b594e0b880bc874558e20d	2669	2026-10-08	2
nvidia/Nemotron-3.5-Content-Safety	35645ed3543b7e7ffaed2e788699e57a5051497c	16210	2026-10-08	2
nvidia/Nemotron-Cascade-14B-Thinking	8aa18a07ea16c52261675f766ed2ea3ec80ea841	2674	2026-10-08	2
nvidia/Nemotron-Cascade-2-30B-A3B	6327cdbcf907e1c7cec9cb29fb6e6cebdf8feaf7	7106	2026-10-08	2
nvidia/Nemotron-Cascade-8B	276a779fe0c1fe2d63a68fd573fec7b4b0a1907e	715	2026-10-08	2
nvidia/Nemotron-Cascade-8B-Thinking	922c4fe0b33248fa02d2ed450046755f6442e638	1097	2026-10-08	2
nvidia/Nemotron-Orchestrator-8B	26df4b9aad5abdc5b7871ee4c71063ce888feb26	2756	2026-10-08	2
nvidia/Nemotron-Terminal-14B	fa6f29a51305285c6a396049f5bb359ae505ef6c	475	2026-10-08	2
nvidia/Nemotron-Terminal-32B	a6794afe7fcce15a44a02c0a8d54616f0bed81f1	468	2026-10-08	2
nvidia/Nemotron-Terminal-8B	bb1413579351dfada0c203699ea32d2d08f0942c	773	2026-10-08	2
nvidia/NV-Reason-CXR-3B	056bd0383b35226554da9dc5866e095df174ae19	975	2026-10-08	2
nvidia/NVIDIA-Nemotron-3-Nano-30B-A3B-BF16	bf77c3174f68ad409e1c2aa60daeb46e32d1c606	-	-	2
nvidia/NVIDIA-Nemotron-3-Nano-4B-BF16	dfaf35de3e30f1867dd8dbc38a7fc9fb52d3914f	1932186	2026-10-08	2
nvidia/NVIDIA-Nemotron-3-Super-120B-A12B-BF16	2dc98e2afe4face0e4ce40972a915c45368bd34a	1019758	2026-10-08	2
nvidia/NVIDIA-Nemotron-3-Super-120B-A12B-NVFP4	ff433f5493e25d631c9f12b5d55c674229923d02	678610	2026-10-08	2
nvidia/NVIDIA-Nemotron-3-Ultra-550B-A55B-BF16	77df655d5e9f8362164ed14dd8b48f8bce657498	683479	2026-10-08	2
nvidia/NVIDIA-Nemotron-3.5-Lightning-30B-A3B-BF16	a9904d24bcc1d289a1950fa9d2b978c47cf903b9	599009	2026-10-08	2
nvidia/NVIDIA-Nemotron-Labs-3-Puzzle-75B-A9B-BF16	8fe5546888e9bd03fdbf52d808adebdfca901b52	832	2026-10-08	2
nvidia/NVIDIA-Nemotron-Labs-Teacher-Chat	7fbf767583dfd7f18f11734626ce1fb311d6acb1	501	2026-10-08	2
nvidia/NVIDIA-Nemotron-Labs-Teacher-Competition-Coding	0ce569b43b8133d152444cef41bab980faa7c0d5	609	2026-10-08	2
nvidia/NVIDIA-Nemotron-Labs-Teacher-General-Reasoning	84b1afba11b60e848edfe9934dc38214398e982d	652	2026-10-08	2
nvidia/NVIDIA-Nemotron-Labs-Teacher-Instruction-Following	ef1ac9054312647348381edc79d5311e17db5f6d	613	2026-10-08	2
nvidia/NVIDIA-Nemotron-Labs-Teacher-STEM	cf8545f0a9b53190d3538ae86bc43e3478428f73	533	2026-10-08	2
nvidia/NVIDIA-Nemotron-Nano-9B-v2-Japanese	3979dd16634988c34cc3bd911583c51e6a731d10	3502	2026-10-08	2
nvidia/NVIDIA-Nemotron-Parse-2.0	b6742064f4a8cf22a10383ece5e7fbead355ac04	101727	2026-10-08	2
nvidia/NVIDIA-Nemotron-Parse-v1.1	fd1e3c6ba0b61a6dcab5a905f0ff92c5b19f14a4	148853	2026-10-08	2
nvidia/NVIDIA-NemotronLabs-AI-for-Media-Sports-Tennis	af26673cd562299e8707d26148c65c15e4ceeafd	952	2026-10-08	2
nvidia/NVILA-8B-HD-Video	7a5670e20da435d98b0efdc49f9a536f73985152	65925	2026-10-08	2
nvidia/Privasis-Cleaner-0.6B	8321fd9a2a3b3708b3f5bf48e9015e4f511295b9	389	2026-10-08	2
nvidia/Privasis-Cleaner-4B	187da88fea4faaaf64566a713dc6b776ec79b820	1101	2026-10-08	2
nvidia/Riva-Translate-4B-Instruct-v1.1	1eb944ce9f2717d7be6b7b7c2310f7c58b35d10b	1095	2026-10-08	2
nvidia/Riva-Translate-4B-Instruct-v2	040d958b128018ff0bed2542a7b51005e9ea563c	918	2026-10-08	2
openbmb/BitCPM-CANN-0.5B-unquantized	2a081710955ef837c2e71bb3e35f6233db772a09	2574	2026-10-08	2
openbmb/BitCPM-CANN-1B	f784def4a90c5337cb46e87bb40f165082584973	2264	2026-10-08	2
openbmb/BitCPM-CANN-1B-unquantized	76bad5dfa98fa2091eff826a04269871f106648a	2378	2026-10-08	2
openbmb/BitCPM-CANN-3B	b42a8078379e11c6f0d9c163f7d89494c091f4d2	2477	2026-10-08	2
openbmb/BitCPM-CANN-3B-unquantized	6971d17949ed3e62fc1fc8fca438b007dd7ea824	2479	2026-10-08	2
openbmb/BitCPM-CANN-8B	9a60ff7a487c1d71ba66fbd211748c0c768dc4a1	2927	2026-10-08	2
openbmb/BitCPM-CANN-8B-unquantized	781355882d41f1634a9c22eda4042d52bbf40153	2601	2026-10-08	2
openbmb/BitCPM4-0.5B	4d0e4a9e2257ceb39d99b85bb946083467e8476f	265	2026-10-08	3
openbmb/BitCPM4-1B	70d989c4972efa636e8a2211975515d188e000b0	239	2026-10-08	3
openbmb/MiniCPM-o-4_5	503e754207c94da6bb26850b4469f367c9ea3582	727961	2026-10-08	2
openbmb/MiniCPM-V-4.6	36f34a661a4bd35d0dc2294cb044d2584646c7d3	238647	2026-10-08	2
openbmb/MiniCPM-V-4.6-Thinking	93d8f4b60ad5d1f763442cf4c19f2a71fa95af4a	71134	2026-10-08	2
openbmb/MiniCPM4-0.5B	5253c7fcc5e29e1cf3eacb59a58adf1ba4df8630	10873	2026-10-08	3
openbmb/MiniCPM4-8B	bb2ae14cf59d4ca769c4e42ece54cc3b82a58ef7	6842	2026-10-08	3
openbmb/MiniCPM4-Survey	adfe3fbbc702feedc24f98d6fa9417549193c8f4	221	2026-10-08	3
openbmb/MiniCPM5-1B	87179e5c1f455ef22e6223592d2d61351b525bfc	398189	2026-10-08	2
openbmb/MiniCPM5-1B-Base	156170697656c48f69915b33a2fb44110242187c	7163	2026-10-08	2
openbmb/MiniCPM5-1B-SFT	a60b37f1fc409c54e1e337b0723aaac6f92dfec0	5440	2026-10-08	2
openbmb/MiniCPM5-2B	f97400052a43d642bbc6e9975e2397e3ae6a6b52	-	-	2
openbmb/MiniCPM5-2B-Base	96a57cd572a02506b4500f54427dca24970c1bac	13360	2026-10-08	2
openbmb/MiniCPM5-2B-Midtrain	0a45344e530534b7090df798421e57fc2d0e19f2	5104	2026-10-08	2
openbmb/MiniCPM5-2B-SFT	3e0690c57f6ac772180498467c82e56170cc00ac	6853	2026-10-08	2
OpenMOSS-Team/MOSS-VL-Base-0408	3d34fc7e86143682061eff0d336aca11cd6c462d	127	2026-10-08	2
OpenMOSS-Team/MOSS-VL-Base-0708	4f1c99256ff0228a4a14bcd75d90b17286088fb0	100	2026-10-08	2
OpenMOSS-Team/MOSS-VL-Instruct-0408	cbef7218a64e59565096bb7dfd0fc072878b0016	448	2026-10-08	2
OpenMOSS-Team/MOSS-VL-Instruct-0708	18c74c1dfe85485f1648d00cba335bf9288aa021	772	2026-10-08	2
OpenMOSS-Team/MOSS-VL-Realtime	d1f71a588deaf2b9b9cea7c6fff66cb10847cc86	1123	2026-10-08	2
OpenMOSS-Team/Qwen3-32B-ABC	c8e15ba68484f3db25499b0dc9681a34f50bddd7	25	2026-10-08	2
PaddlePaddle/HPD-Parsing	91de80054c23ab4238e3d7073fa2b83c2a7e301e	4905	2026-10-08	2
PaddlePaddle/PaddleOCR-VL-1.5	2a4195faa5e7914c12f2fc601d72c81caf8d2da5	18600	2026-10-08	2
PaddlePaddle/PaddleOCR-VL-1.6	c5630abae1d940eafe0697512a0325494b02ab42	48880	2026-10-08	2
poolside/Laguna-M.1	2bf8a4ab6d2e8e1e0d92a41318532a0fee1640d6	276609	2026-10-08	2
poolside/Laguna-S-2.1	0f573140834b11cfac0c2af97a101a7a69a13e22	209312	2026-10-08	2
poolside/Laguna-XS-2.1	c5f36269bbdbd3f27fddc9a9f9dbae0cf2cf57db	248890	2026-10-08	2
poolside/Laguna-XS.2	a397bde04501591d0ac3d74a5d9d0a4ec298ffb8	-	-	3
poolside/spec-decoding-subfolder-fixture	ebd36460cc281bc854f8b64070821ea5a1a092c5	949	2026-10-08	2
Qwen/Qwen-AgentWorld-35B-A3B	60d2b0434a53d2e62a7c00a489586815d94ebffb	7136	2026-10-06	1
Qwen/Qwen-Drive-1.0-4B	28484089a7cc8c335cf5089fb0745cf7c49b6eaa	7039	2026-10-06	1
Qwen/Qwen-Image-2.1-PE-I2I	72927bc08afc99b7888ceb7d7d51a12db3700bbd	12771	2026-10-08	1
Qwen/Qwen-Image-2.1-PE-T2I	f3ed7985c788ad75b3ab7223e0c4c51e2a43545b	8622	2026-10-08	1
Qwen/Qwen-Image-Bench	1b77ff83564ac4e4e8140769eacff7ff73f35f3c	34006	2026-10-08	1
Qwen/Qwen2.5-14B-Instruct-1M	620fad32de7bdd2293b3d99b39eba2fe63e97438	27833	2026-10-06	1
Qwen/Qwen2.5-7B-Instruct-1M	e28526f7bb80e2a9c8af03b831a9af3812f18fba	58678	2026-10-06	1
Qwen/Qwen2.5-Omni-3B	f75b40e3da2003cdd6e1829b1f420ca70797c34e	298998	2026-10-06	1
Qwen/Qwen2.5-Omni-7B	ae9e1690543ffd5c0221dc27f79834d0294cba00	318337	2026-10-06	1
Qwen/Qwen2.5-VL-32B-Instruct	7cfb30d71a1f4f49a57592323337a4a4727301da	794171	2026-10-06	1
Qwen/Qwen2.5-VL-3B-Instruct	66285546d2b821cf421d4f5eb2576359d3770cd3	2280281	2026-10-06	1
Qwen/Qwen2.5-VL-72B-Instruct	89c86200743eec961a297729e7990e8f2ddbc4c5	72308	2026-10-06	1
Qwen/Qwen2.5-VL-7B-Instruct	cc594898137f460bfe9f0759e9844b3ce807cfb5	5614601	2026-10-06	1
Qwen/Qwen3-0.6B	c1899de289a04d12100db370d81485cdf75e47ca	30795305	2026-10-06	1
Qwen/Qwen3-0.6B-Base	da87bfb608c14b7cf20ba1ce41287e8de496c0cd	731789	2026-10-08	1
Qwen/Qwen3-1.7B	70d244cc86ccca08cf5af4e1e306ecf908b1ad5e	3078719	2026-10-06	1
Qwen/Qwen3-1.7B-Base	ea980cb0a6c2ae4b936e82123acc929f1cec04c1	618510	2026-10-08	1
Qwen/Qwen3-14B	40c069824f4251a91eefaf281ebe4c544efd3e18	3915196	2026-10-06	1
Qwen/Qwen3-14B-Base	0b0bd3732e2c374d483664439ea334928b65f304	87048	2026-10-08	1
Qwen/Qwen3-235B-A22B	8efa61729e24bd65b1d152b5ab5409052aa80e65	509389	2026-10-06	1
Qwen/Qwen3-235B-A22B-Instruct-2507	ac9c66cc9b46af7306746a9250f23d47083d689e	177536	2026-10-06	1
Qwen/Qwen3-235B-A22B-Thinking-2507	6cbffae6d8e28b986a6b17bd36f42f9fa0f1f0a5	18626	2026-10-06	1
Qwen/Qwen3-30B-A3B	ad44e777bcd18fa416d9da3bd8f70d33ebb85d39	1462598	2026-10-06	1
Qwen/Qwen3-30B-A3B-Base	1b75feb79f60b8dc6c5bc769a898c206a1c6a4f9	53619	2026-10-08	1
Qwen/Qwen3-30B-A3B-Instruct-2507	0d7cf23991f47feeb3a57ecb4c9cee8ea4a17bfe	951679	2026-10-06	1
Qwen/Qwen3-30B-A3B-Thinking-2507	144afc2f379b542fdd4e85a1fcd5e1f79112d95d	83030	2026-10-06	1
Qwen/Qwen3-32B	9216db5781bf21249d130ec9da846c4624c16137	3701207	2026-10-06	1
Qwen/Qwen3-4B	1cfa9a7208912126459214e8b04321603b3df60c	7691247	2026-10-06	1
Qwen/Qwen3-4B-Base	906bfd4b4dc7f14ee4320094d8b41684abff8539	602860	2026-10-08	1
Qwen/Qwen3-4B-Instruct-2507	cdbee75f17c01a7cc42f958dc650907174af0554	3642603	2026-10-06	1
Qwen/Qwen3-4B-SafeRL	1b95ccb88cabaf284ffb6968719c40ae6cd4085b	1594	2026-10-06	1
Qwen/Qwen3-4B-Thinking-2507	768f209d9ea81521153ed38c47d515654e938aea	567620	2026-10-06	1
Qwen/Qwen3-8B	b968826d9c46dd6066d109eabc6255188de91218	10158000	2026-10-06	1
Qwen/Qwen3-8B-Base	49e3418fbbbca6ecbdf9608b4d22e5a407081db4	778500	2026-10-08	1
Qwen/Qwen3-ASR-0.6B-hf	7f1569a48a89f3e3f4dc3a5c9d28bddd903bc76c	146629	2026-10-08	1
Qwen/Qwen3-ASR-1.7B-hf	bcd2b5b7f32b480ab5790554cfa8347f246a14f3	336650	2026-10-08	1
Qwen/Qwen3-Coder-30B-A3B-Instruct	b2cff646eb4bb1d68355c01b18ae02e7cf42d120	421289	2026-10-06	1
Qwen/Qwen3-Coder-480B-A35B-Instruct	9d90cf8fca1bf7b7acca42d3fc9ae694a2194069	37063	2026-10-06	1
Qwen/Qwen3-Coder-Next	a7fbcb5c0e12d62a448eaa0e260346bf5dcc0feb	596925	2026-10-06	1
Qwen/Qwen3-Coder-Next-Base	1b6df59d5f75ab51edb9ad8cb3ea69c5d0aedd57	2561	2026-10-08	1
Qwen/Qwen3-Next-80B-A3B-Instruct	9c7f2fbe84465e40164a94cc16cd30b6999b0cc7	274371	2026-10-06	1
Qwen/Qwen3-Next-80B-A3B-Thinking	e502dd4100cc68c0de57643fd4317ec93a128670	41501	2026-10-06	1
Qwen/Qwen3-Omni-30B-A3B-Instruct	26291f793822fb6be9555850f06dfe95f2d7e695	655860	2026-10-06	1
Qwen/Qwen3-Omni-30B-A3B-Thinking	2f443cfc4c54b14a815c0e2bb9a9d6cbcd9a748b	190777	2026-10-06	1
Qwen/Qwen3-VL-235B-A22B-Instruct	710c13861be6c466e66de3f484069440b8f31389	304805	2026-10-06	1
Qwen/Qwen3-VL-235B-A22B-Thinking	6664affde68449468deb7527186455c7450c13c0	19795	2026-10-06	1
Qwen/Qwen3-VL-2B-Instruct	89644892e4d85e24eaac8bacfd4f463576704203	2778282	2026-10-06	1
Qwen/Qwen3-VL-2B-Thinking	33e0ad94c327808ebc7d3bbc97e78e600f1eeecd	113994	2026-10-06	1
Qwen/Qwen3-VL-30B-A3B-Instruct	9c4b90e1e4ba969fd3b5378b57d966d725f1b86c	419315	2026-10-06	1
Qwen/Qwen3-VL-30B-A3B-Thinking	d0ed0380729be07a546fdefafbb4fe411f341e92	17876	2026-10-06	1
Qwen/Qwen3-VL-32B-Instruct	0cfaf48183f594c314753d30a4c4974bc75f3ccb	326188	2026-10-06	1
Qwen/Qwen3-VL-32B-Thinking	7edd10ffd1196091948fb245ff63e406ccb2d4d1	16383	2026-10-06	1
Qwen/Qwen3-VL-4B-Instruct	ebb281ec70b05090aa6165b016eac8ec08e71b17	3347471	2026-10-06	1
Qwen/Qwen3-VL-4B-Thinking	1de27d8c51f12e819435303b9e84c4e25ba8401e	47757	2026-10-06	1
Qwen/Qwen3-VL-8B-Instruct	0c351dd01ed87e9c1b53cbc748cba10e6187ff3b	11111496	2026-10-06	1
Qwen/Qwen3-VL-8B-Thinking	92f3c4b4feadd3a016ef468d103bb5f58b2a2c6b	141539	2026-10-06	1
Qwen/Qwen3.5-0.8B	2fc06364715b967f1860aea9cf38778875588b17	2561416	2026-10-06	1
Qwen/Qwen3.5-0.8B-Base	dc7cdfe2ee4154fa7e30f5b51ca41bfa40174e68	480707	2026-10-08	1
Qwen/Qwen3.5-122B-A10B	dc4d348443bc740c68e2d77492492c11606384d5	570435	2026-10-06	1
Qwen/Qwen3.5-27B	fc05daec18b0a78c049392ed2e771dde82bdf654	1923998	2026-10-06	1
Qwen/Qwen3.5-2B	15852e8c16360a2fea060d615a32b45270f8a8fc	4745790	2026-10-06	1
Qwen/Qwen3.5-2B-Base	b1485b2fa6dfa1287294f269f5fb618e03d52d7c	305958	2026-10-08	1
Qwen/Qwen3.5-35B-A3B	59d61f3ce65a6d9863b86d2e96597125219dc754	1547258	2026-10-06	1
Qwen/Qwen3.5-35B-A3B-Base	0f0813072d2358973511097385626f21fcb6d422	93948	2026-10-08	1
Qwen/Qwen3.5-397B-A17B	8472618112abcbd45acbcdc58436aff4233c23f7	478128	2026-10-06	1
Qwen/Qwen3.5-4B	851bf6e806efd8d0a36b00ddf55e13ccb7b8cd0a	7967983	2026-10-06	1
Qwen/Qwen3.5-4B-Base	1001bb4d826a52d1f399e183466143f4da7b741b	654242	2026-10-08	1
Qwen/Qwen3.5-9B	c202236235762e1c871ad0ccb60c8ee5ba337b9a	8802743	2026-10-06	1
Qwen/Qwen3.5-9B-Base	68c46c4b3498877f3ef123c856ecfde50c39f404	307323	2026-10-08	1
Qwen/Qwen3.6-27B	6a9e13bd6fc8f0983b9b99948120bc37f49c13e9	2356510	2026-10-06	1
Qwen/Qwen3.6-35B-A3B	995ad96eacd98c81ed38be0c5b274b04031597b0	3478783	2026-10-06	1
Qwen/Qwen3.8-2.4T-A95B	207bd685a7e3696cfaff12ded7c6a7ea0f88c996	33135	2026-10-06	1
Qwen/Qwen3.8-27B	1d4bf0f2ff6012fd82039f2fa52739d0dd7c60c0	6768060	2026-10-06	1
Qwen/Qwen3.8-Flash-Next	de4b8e4d43b917e7706784d8bb445c9af86a3540	1589145	2026-10-06	1
Qwen/Qwen3Guard-Gen-0.6B	fada3b2f655b89601929198343c94cd2f64d93cc	173460	2026-10-06	1
Qwen/Qwen3Guard-Gen-4B	6ec42827da0c1ff11e7a49dc269d2e810d27e108	62519	2026-10-06	1
Qwen/Qwen3Guard-Gen-8B	4505cb1a6f1864f21f8b27f7daf1b9a1aab6edbb	31602	2026-10-06	1
Qwen/QwQ-32B	976055f8c83f394f35dbd3ab09a285a984907bd0	45312	2026-10-06	1
Qwen/WebWorld-14B	0212f4ed8a4bcd3e299d902f0dbf48b2255611d4	624	2026-10-06	1
Qwen/WebWorld-32B	e7fceedc8713450842f9bc9b122c1759c40bcc5b	1016	2026-10-06	1
Qwen/WebWorld-8B	26c65891f0a59c9b1dcc435eaadcc08ce6102a94	961	2026-10-06	1
Salesforce/Llama-xLAM-2-8b-fc-r	a0efe39a575ef33d1d233cb2e799ae053b636c0e	-	-	3
stepfun-ai/NextStep-1.1	05486ff90769ad32109d219fd4659d41671a770a	934	2026-10-08	2
stepfun-ai/NextStep-1.1-Pretrain	295118da1ed98439380dd0765cd74ec241e7b6a4	130	2026-10-08	2
stepfun-ai/NextStep-1.1-Pretrain-256px	a4cc244c7ec02e5b82c8c0adb6a57dcc5557cc61	141	2026-10-08	2
stepfun-ai/Step-3.5-Flash	ab446a3de5e171ea341227e24bb1f090e1b771f7	-	-	3
stepfun-ai/step3	e2d67fc936dc60f8f606f2429728f1dea503e10d	-	-	2
swiss-ai/Apertus-8B-Instruct-2509	b946d40447b2b597999b9c86d44bee0b452c919f	-	-	2
swiss-ai/Apertus-v1.1-0.5B-Instruct	a140fd61fb57422c36a26301caea17edee799874	756	2026-10-08	2
swiss-ai/Apertus-v1.1-1.5B-Instruct	9e9d01154446a645d30f04174cf1515a38058be7	767	2026-10-08	2
swiss-ai/Apertus-v1.1-4B-Instruct	0d004ae50a03fda815ff7a091a89ab0baec94f3d	894	2026-10-08	2
tencent/ContextPilot-14B	8eafd8356c5c5e713e92e623c8f1d346de6d0f95	897	2026-10-08	2
tencent/ContextPilot-8B	595abeaed72e4a4d9da94d04917f0618989a5553	749	2026-10-08	2
tencent/DeepSeek-V3.1-Terminus-W4AFP8	e1f500be0bafeaf7110e4513a860a6e9be65da3c	387	2026-10-08	2
tencent/Hunyuan-A13B-Instruct	290ddb9a56ed23c2c83a1c8081533e58925df952	-	-	3
tencent/HunyuanOCR	47644ecc4fc854efa4f505155158831f36773ee4	939522	2026-10-08	2
tencent/HY-MT1.5-1.8B	dbad03788f49709801014c95d481a514c272ca52	6707	2026-10-08	2
tencent/Hy-MT1.5-1.8B-1.25bit	e6f38fd14895e592e605f433746451d65ac5db86	78	2026-10-08	2
tencent/Hy-MT1.5-1.8B-2bit	f89fcdc2b27e5a3c742789b909371971de8c042c	157	2026-10-08	2
tencent/HY-MT1.5-7B	397085d46158ad0b437ffd74228499e8c2a35c76	1126	2026-10-08	2
tencent/Hy-MT2-1.8B	9a341cd1b679d3efd23b46e847b01745a71ed792	32369	2026-10-08	2
tencent/Hy-MT2-30B-A3B	d3ead4dba61c09aac60a261a96ad1df3e705febb	6399	2026-10-08	2
tencent/Hy-MT2-7B	9b0eb4e8f001def3e5ff6469a0ac96fdb39ec223	12911	2026-10-08	2
tencent/Hy3	a960ebc3da325ba167f069f76c41eb62c9280d22	414761	2026-10-08	2
tencent/Hy4-preview	705d81ee51566a186d645b74c974d642ef2828fe	-	-	1
tencent/UI-Mate-27B	3ade2378fc84032d5017c1a9c93c4eaa77d65e57	761	2026-10-08	2
tencent/UI-Mate-9B	05dd5f2975195a5bb03d4363e8767f12158c8421	808	2026-10-08	2
tencent/UI-Mate-democua-27B	a76300b510ee8c9b509cdd933ff5e31a994a3400	477	2026-10-08	2
tencent/WeVisDoc-2B	86ecb7330566296b695d4f91aea807a260cc84a7	19174	2026-10-08	2
tencent/WeVisDoc-4B	1754bfa79ba1a6e24aacc001da2e7bb39b9fbc34	2040	2026-10-08	2
thinkingmachines/Inkling	828496eeae4c243ff1a22f7f28ff83694f2f7bc9	-	-	3
thinkingmachines/Inkling-Small	8cc5877b44d343f88b92086aa1fb72897950f06a	660176	2026-10-08	2
tiiuae/Falcon-H1-Tiny-90M-Instruct	e6389502a0b12cd8da894b395ba5bf7436873b16	1481	2026-10-08	2
tiiuae/Falcon-H1-Tiny-90M-Instruct-Curriculum	c3ffb64f7d271dd1035052890083036e6629517b	249	2026-10-08	2
tiiuae/Falcon-H1-Tiny-Multilingual-100M-Instruct	295b1eb969d4d1683ea7d988ac70fb03990f881c	1143	2026-10-08	2
tiiuae/Falcon-H1-Tiny-R-0.6B	ccf3d61714e029d86dbd48883f1d40cfc995d433	1209	2026-10-08	2
tiiuae/Falcon-H1R-7B	a6f74bf181389908efd6970878d7ee2b42f5d417	1524	2026-10-08	2
TinyLlama/TinyLlama-1.1B-Chat-v1.0	fe8a4ea1ffedaf415f4da2f062534de366a451e6	-	-	3
XiaomiMiMo/MiMo-V2.5	63651580ca774f8504f676040460aed3e1244ac1	-	-	2
XiaomiMiMo/MiMo-V2.5-ASR	98641d537df521ac6df05f74090475694d9510b7	2518	2026-10-08	2
XiaomiMiMo/MiMo-V2.5-Base	c9d050ce275c75318392dfbc11843516d41916c8	677	2026-10-08	2
XiaomiMiMo/MiMo-V2.5-Pro-Base	1e94ccfda10a2e4dc62877139cd8b7d7b523a4be	835	2026-10-08	2
XiaomiMiMo/MiMo-V2.5-Pro-FP4-DFlash	b754e6c86008bdb5cc901308dda5a38173ec7276	838	2026-10-08	2
XiaomiMiMo/MiMo-V2.6-Distill-Qwen-9B	2367e865d009c13ac81713a2878291d33ab28177	19791	2026-10-08	2
XiaomiMiMo/MiMo-V2.6-Flash-MOPD	2479e2d0029eca9a34cc7e7f55a121925f81908e	6607	2026-10-08	2
XiaomiMiMo/MiMo-V2.6-Flash-RL	5711b268169967567844e1e560e8a3966da959b1	55647	2026-10-08	2
XiaomiMiMo/MiMo-V2.6-Pro-MOPD	adea8e2c5373181e5a973fa1ecb343cb31af214b	3625	2026-10-08	2
XiaomiMiMo/MiMo-V2.6-Pro-RL	73875d00b30a89ef8cc353a0b60b0e9f9561952d	93473	2026-10-08	2
xlangai/Qwen-CUA	3e8c36c4247bc59afb80e83815beb3000641b6cc	333	2026-10-08	2
xlangai/RoboFine-VLM-397B-A17B	b11db15dc0c9f57cd615bc5aff2d318cd73f1c04	70	2026-10-08	2
zai-org/AutoGLM-Phone-9B	66a46ea238158e5f71efc91928668e9c35b42247	820	2026-10-08	2
zai-org/AutoGLM-Phone-9B-Multilingual	832ab5e014b965268dafd944e64cbc8e4bade892	1105	2026-10-08	2
zai-org/GLM-4.1V-9B-Thinking	3c1471e51dc811b589d4d12b1c1c7c1c941267c2	164239	2026-10-08	3
zai-org/GLM-4.5	cbb2c7cfb52fa128a9660cb1a7a78e017899e115	124382	2026-10-08	3
zai-org/GLM-4.5-Air	a24ceef6ce4f3536971efe9b778bdaa1bab18daa	502482	2026-10-08	3
zai-org/GLM-4.6	be72194883d968d7923a07e2f61681ea9a2826d1	-	-	2
zai-org/GLM-4.6V	4e2d47eb0b41c5280d8294b17cef9e94fdcfff46	3817	2026-10-08	2
zai-org/GLM-4.6V-Flash	411bb4d77144a3f03accbf4b780f5acb8b7cde4e	108311	2026-10-08	2
zai-org/GLM-4.7	602d01efcdd332c5238ca4bcede555defbe83eb7	93659	2026-10-08	2
zai-org/GLM-4.7-Flash	7dd20894a642a0aa287e9827cb1a1f7f91386b67	-	-	2
zai-org/GLM-5	c183ef8c61faee82855eca1ed9bb3a9a7ce3b0b2	502833	2026-10-08	2
zai-org/GLM-5.1	26e1bd6e011feb778d25ae34b09b07074139d92d	345979	2026-10-08	2
zai-org/GLM-5.2	cf457fa734ab149ffef225f80893eb38c6ff5cdc	670838	2026-10-08	2
zai-org/GLM-5.3	aca966e4e02791568aa6a4ced368624b3d897f42	1545882	2026-10-08	2
zai-org/GLM-5.3-BF16	9d2398f478cab2de883137db3a36ad2c96205e24	38851	2026-10-08	2
zai-org/GLM-5.3-Flash	eb9eb208eb0d988989d07a6a12d0fdeb5f52574a	-	-	1
zai-org/GLM-5.3-Flash-BF16	a5b45eb41df6402735dedc900be14a42e8d5e538	67700	2026-10-08	2
zai-org/GLM-ASR-Nano-2512	61ba4e0b3309b6656edea3e93e419f7bd5c61957	61948	2026-10-08	2
zai-org/GLM-OCR	2e85a62840ccac27daa451df36c736c4636b8628	1843923	2026-10-08	2
zai-org/UI2Code_N	ef839d8dbf31b8eea009547d03fceb3c9a045cfd	409	2026-10-08	2
zai-org/WebVIA-Agent	d6ee0ce156bc194a4f9ddcd1c4827544321c9db2	298	2026-10-08	2
Zyphra/ZAYA1-8B	67d34da515b30409ee8daa67c3605c4402d03f6f	11837	2026-10-08	2
Zyphra/ZAYA1-8B-legacy	1bef1fb587fc4bcb78f318f49ff2ef2b2510f073	202	2026-10-08	2
Zyphra/ZAYA1-base	191077981b164c1fd8cf2f6f91283756c2c1b3d0	1029	2026-10-08	2
